MT_seq	ddG_latent_pred	solubility_latent_pred	gen_input_seq	PDB	Chain	Start_index	WT_seq	repeated_gen	in_train_data_gen
STIEEMAKYFLDKFNHEAEDLFYQSSLASWNYNTNITEENVQNMNKAGDKWSAFLKRMSTLAQMYPPQEIQNLTVKLMLQALQ	-14.050601959228516		STIEEQAKMFLDKFNHEAEDLFYQSSLASWNYNTNITEENVQNMNRAGDKWSAFLKFQSTLAQMYPLQEIQNLTVKLMLQALQ	template2.pdb	A	19	STIEEQAKTFLDKFNHEAEDLFYQSSLASWNYNTNITEENVQNMNNAGDKWSAFLKEQSTLAQMYPLQEIQNLTVKLQLQALQ	False	False
SDIEEQAKTFLDKFNHEAEDLFYQSLLAAWNYNTNITEENIQNMNNAGDKWSAFLKEQSTLAQMYPLKEIQNLWVKLQLQALQ	-14.025357246398926		SDIEEQAKTFLDKFNHEAEDLFYQSSLASWNYNTNITEENVQNMNNAGDKWSAFLKEQSTLAQMYPLHEIQNLMVKLQLQALQ	template2.pdb	A	19	STIEEQAKTFLDKFNHEAEDLFYQSSLASWNYNTNITEENVQNMNNAGDKWSAFLKEQSTLAQMYPLQEIQNLTVKLQLQALQ	False	False
STIEEQAKFFLMKFNHEAEDLFYQSSLAKWNYNTNITEENVQYMNNAGDKWFAFLKEQSTLAQMYPLQEIQNLKVKLQLFALK	-14.017935752868652		STIEEQAKYFLLKFNHEAEDLFYQSSLAKWNYNTNITEENVQYMNNAGDKWFAFLKEQSTLAQMYPLQEIQNLKVKLQLFALK	template2.pdb	A	19	STIEEQAKTFLDKFNHEAEDLFYQSSLASWNYNTNITEENVQNMNNAGDKWSAFLKEQSTLAQMYPLQEIQNLTVKLQLQALQ	False	False
STIEEQAKLFLDKFNHEAEDLFYQSSLKAWIYNTNITEENIQNMNNAWIKWSAFLAEQSTLAQMYPLQEIQNLTVKLQLQALQ	-14.01418113708496		STIEEQAKLFLDKFNHEAEDLFYQSSLASWIYNTNITEENVQNMNNAWFKWSAFLAEQSTLAQMYPLQEIQNLTVKLQLQALQ	template2.pdb	A	19	STIEEQAKTFLDKFNHEAEDLFYQSSLASWNYNTNITEENVQNMNNAGDKWSAFLKEQSTLAQMYPLQEIQNLTVKLQLQALQ	False	False
STIEEQAKVFLDKFNHEAEDLFYQSSLAKWNYNTNITEENVKWMNNAKDKWSAFLKEQSTLAQMYPLQEIQNLTVKLMLQALQ	-14.002496719360352		STIEEQAKTFLDKFNHEAEDLFYQSSLAKWNYNTNITEENVRNMNNAKDKWSAFLKEQSTLAQMYPLQEIQNLTVKLKLQALQ	template2.pdb	A	19	STIEEQAKTFLDKFNHEAEDLFYQSSLASWNYNTNITEENVQNMNNAGDKWSAFLKEQSTLAQMYPLQEIQNLTVKLQLQALQ	False	False
STLEEMAKVFLDKFNHEAEDLFYQSSLAKWNYNTNITEENVQNMYNAGDKWLAFLKEQSTLAQMYPLQEIQNLTVKLMLQALQ	-13.99854850769043		STIEEQAKVFLDKFNHEAEDLFYQSSLAKWNYNTNITEENVQNMNNAGDKWYAFLKEQSTLAQMYPLQEIQNLTVKLMLQALQ	template2.pdb	A	19	STIEEQAKTFLDKFNHEAEDLFYQSSLASWNYNTNITEENVQNMNNAGDKWSAFLKEQSTLAQMYPLQEIQNLTVKLQLQALQ	False	False
STIEEQAKTFLDKFNHEAEDLFYQSSLAMWNYNTNITEENIQNMNNARDKWSAFLKEQSTLAQMYPLQEIQNLTVKLQLQALM	-13.995697975158691		STIEEQAKTFLDKFNHEAEDLFYQSSLAVWNYNTNITEENIQNMNNARDKWSAFLKEQSTLAQMYPLQEIQNLTVKLQLQALM	template2.pdb	A	19	STIEEQAKTFLDKFNHEAEDLFYQSSLASWNYNTNITEENVQNMNNAGDKWSAFLKEQSTLAQMYPLQEIQNLTVKLQLQALQ	False	False
STIEEQAKYFLDKFNHEAEDLFYQSSLWKWNYNTNITEENVQNMQNARDKWSAFLKEQSTLAQMYPLQEIQNLTVKLQLQALQ	-13.986753463745115		STIEEQAKYFLDKFNHEAEDLFYRSSLWQWNYNTNITEENVQNMYNAQDKWSAFLKEQSTLAQMYPLQEIQNLTVKLQLQALQ	template2.pdb	A	19	STIEEQAKTFLDKFNHEAEDLFYQSSLASWNYNTNITEENVQNMNNAGDKWSAFLKEQSTLAQMYPLQEIQNLTVKLQLQALQ	False	False
SDIEEQAKVFLDKFNHEAEDLFYQSSLLSWNYNTNITEENVQNMNNAGDKWSAFLKEQSTLAQMYPLQEIQNLTVKLQLQALK	-13.973468780517578		SDIEEQAKVFLDKFNHEAEDLFYQSSLASWNYNTNITEENVQNMNNAGDKWSAFLKEQSTLAQMYPLQEIQNLTVKLQLQALK	template2.pdb	A	19	STIEEQAKTFLDKFNHEAEDLFYQSSLASWNYNTNITEENVQNMNNAGDKWSAFLKEQSTLAQMYPLQEIQNLTVKLQLQALQ	False	False
SDIEEQAKVFLDKFNHEAEDLFYQSSLASWNYNTNITEENVQNMNNAGDKWSAFLKEQSTLAQMYPLQEIQNLYVKLQLQALK	-13.967796325683594		SDIEEQAKVFLDKFNHEAEDLFYQSSLASWNYNTNITEENVQNMNNAGDKWSAFLKEQSTLAQMYPLQEIQNLTVKLQLQALK	template2.pdb	A	19	STIEEQAKTFLDKFNHEAEDLFYQSSLASWNYNTNITEENVQNMNNAGDKWSAFLKEQSTLAQMYPLQEIQNLTVKLQLQALQ	False	False
