MT_seq	ddG_latent_pred	solubility_latent_pred	gen_input_seq	PDB	Chain	Start_index	WT_seq	repeated_gen	in_train_data_gen	ddG_latent_pred_rank	solubility_latent_pred_rank	avg_latent_head_pred_rank
STIEEQAKDFLDKLNHEAEDLEYQSSLASWNYNTNITEENVQNMNNAGDKRSAFLKEQSTLAQMYPLQEIQNLTVKKQLQALQ	2.864896535873413	11.307934761047363	STIEEQAKDFLDKLNHEAEDLEYQSSLASWNYNTNITEENVQNMKNAGDKRSAFLKEQSTLAQMYPLQEIQNLTVKKQLQALQ	template2.pdb	A	19	STIEEQAKTFLDKFNHEAEDLFYQSSLASWNYNTNITEENVQNMNNAGDKWSAFLKEQSTLAQMYPLQEIQNLTVKLQLQALQ	False	False	255729.0	1.0	127865.0
STIEEQAKDFLDKLNHEAEDLEYQSSLASWNYNTNITEENVQNMKNAGDKMSAFLKEQSTLAQMYPLQEIQNLTVKRQLQALQ	2.0129940509796143	11.121424674987791	STIEEQAKDFLDKLNHEAEDLEYQSSLASWNYNTNITEENVQNMKNAGDKRSAFLKEQSTLAQMYPLQEIQNLTVKKQLQALQ	template2.pdb	A	19	STIEEQAKTFLDKFNHEAEDLFYQSSLASWNYNTNITEENVQNMNNAGDKWSAFLKEQSTLAQMYPLQEIQNLTVKLQLQALQ	False	False	252677.0	3.0	126340.0
SDIEEQAKIFLDKFNHEAEDLARQSSLASWNYNTNITEENVQNMNNAGDKWSAVLKEQSTLAQMYPLQEIQNLTVKLQLQALQ	4.594226360321045	11.10450267791748	SDIEEQAKIFLDKFNHEAEDLRTQSSLASWNYNTNITEENVQNMNNAGDKWSAVLKEQSTLAQMYPLQEIQNLTVKLQLQALQ	template2.pdb	A	19	STIEEQAKTFLDKFNHEAEDLFYQSSLASWNYNTNITEENVQNMNNAGDKWSAFLKEQSTLAQMYPLQEIQNLTVKLQLQALQ	False	False	258315.0	4.0	129159.5
STIEEQAKDLLDKFNHEAEDLEYQSSLASWNYNTNITEENVQNMKNAGDKRSAFLKEQSTLAQMYPLQEIQNLTVKKQLQALQ	2.216575860977173	11.084050178527832	STIEEQAKDFLDKLNHEAEDLEYQSSLASWNYNTNITEENVQNMKNAGDKRSAFLKEQSTLAQMYPLQEIQNLTVKKQLQALQ	template2.pdb	A	19	STIEEQAKTFLDKFNHEAEDLFYQSSLASWNYNTNITEENVQNMNNAGDKWSAFLKEQSTLAQMYPLQEIQNLTVKLQLQALQ	False	False	253638.0	5.0	126821.5
SDIEEQAKIFLDKFNHEAEDLIAQSSLASWNYNTNITEENMQNANNAGDKWSAILKEQSTLAQMYPLQEIQNLTVKLQLQALQ	3.040374279022217	11.059897422790527	SDIEEQAKIFLDKFNHEAEDLRTQSSLASWNYNTNITEENVQNMNNAGDKWSAVLKEQSTLAQMYPLQEIQNLTVKLQLQALQ	template2.pdb	A	19	STIEEQAKTFLDKFNHEAEDLFYQSSLASWNYNTNITEENVQNMNNAGDKWSAFLKEQSTLAQMYPLQEIQNLTVKLQLQALQ	False	False	256115.0	6.0	128060.5
STIEEQAKTFLDKLNNEAEDAMYQSSLASWNYNTNITEENVQDMNNAGDKWSAFLKEQSTLAQMIPLIEIQNLTVKLQLQALQ	3.013861656188965	11.02684211730957	STIEEQAKTFLDKMNHEAEDAFYQSSLASWNYNTNITEENVQDMNNAGDKWSAFLKEQSTLAQMIPLIEIQNLTVKLQLQALQ	template2.pdb	A	19	STIEEQAKTFLDKFNHEAEDLFYQSSLASWNYNTNITEENVQNMNNAGDKWSAFLKEQSTLAQMYPLQEIQNLTVKLQLQALQ	False	False	256071.0	7.0	128039.0
STIEEQAKTFEDKFNHEAEDAFYQSSLASWNYNTNITEENVQNMNNAGDKWSAFLKEQSTLAQMYPLQEIQNYTVKWQLQALQ	3.795910358428955	10.938035011291504	STIEEQAKTFEDKFNHEAEDLFYQSSLASWNYNTNITEENVQNMNNAGDKWSAFLKEQSTLAQMYPLQEIQNYTVKLQLQALQ	template2.pdb	A	19	STIEEQAKTFLDKFNHEAEDLFYQSSLASWNYNTNITEENVQNMNNAGDKWSAFLKEQSTLAQMYPLQEIQNLTVKLQLQALQ	False	False	257420.0	9.0	128714.5
SDIEEQAKIFLDKFNHEAEDLMTRSSLASWNYNTNITEENVQNMNNAGDKWSAVLKEQSTLAQMYPLQEIQNLTVKLQLQALQ	2.80509614944458	10.937256813049316	SDIEEQAKIFLDKFNHEAEDLRTQSSLASWNYNTNITEENVQNMNNAGDKWSAVLKEQSTLAQMYPLQEIQNLTVKLQLQALQ	template2.pdb	A	19	STIEEQAKTFLDKFNHEAEDLFYQSSLASWNYNTNITEENVQNMNNAGDKWSAFLKEQSTLAQMYPLQEIQNLTVKLQLQALQ	False	False	255577.0	10.0	127793.5
STIEEQAKDFLNKLNLEAEDLEYQSSLASWNYNTNITEENVQNMNNAGDKRSAFLKEQSTLAQMYPLQEIQNLTVKKQLQALQ	2.218930244445801	10.937030792236328	STIEEQAKDFLDKLNHEAEDLEYQSSLASWNYNTNITEENVQNMKNAGDKRSAFLKEQSTLAQMYPLQEIQNLTVKKQLQALQ	template2.pdb	A	19	STIEEQAKTFLDKFNHEAEDLFYQSSLASWNYNTNITEENVQNMNNAGDKWSAFLKEQSTLAQMYPLQEIQNLTVKLQLQALQ	False	False	253652.0	11.0	126831.5
STIEEQAKNFLDKLNHEAEDLEYQSSLASWNYNTNITEENVQNMKNAGDKASAFLKEQSTLAQMYPLQEIQNLTVKKQLQALQ	3.451615333557129	10.925110816955566	STIEEQAKDFLDKLNHEAEDLEYQSSLASWNYNTNITEENVQNMKNAGDKRSAFLKEQSTLAQMYPLQEIQNLTVKKQLQALQ	template2.pdb	A	19	STIEEQAKTFLDKFNHEAEDLFYQSSLASWNYNTNITEENVQNMNNAGDKWSAFLKEQSTLAQMYPLQEIQNLTVKLQLQALQ	False	False	256922.0	13.0	128467.5
SDIEEQAKIFLDKFNHEAEDLRIQSSLASWNYNTNITEENVQNMNNAGDKWSAVLKEQSTLAQMYPLQEIQNLTVKLQLQALQ	3.072607040405273	10.894574165344238	SDIEEQAKIFLDKFNHEAEDLRTQSSLASWNYNTNITEENVQNMNNAGDKWSAVLKEQSTLAQMYPLQEIQNLTVKLQLQALQ	template2.pdb	A	19	STIEEQAKTFLDKFNHEAEDLFYQSSLASWNYNTNITEENVQNMNNAGDKWSAFLKEQSTLAQMYPLQEIQNLTVKLQLQALQ	False	False	256176.0	14.0	128095.0
STIEEQAKDFLDKLNHEAEDLEYQSSLASWNYNTNITEENVQNMKNAGDKRSAFLKEQSTLAQKYPLQEIQNLTVKKQLQALQ	3.3210811614990234	10.86270523071289	STIEEQAKDFLDKLNHEAEDLEYQSSLASWNYNTNITEENVQNMKNAGDKRSAFLKEQSTLAQMYPLQEIQNLTVKKQLQALQ	template2.pdb	A	19	STIEEQAKTFLDKFNHEAEDLFYQSSLASWNYNTNITEENVQNMNNAGDKWSAFLKEQSTLAQMYPLQEIQNLTVKLQLQALQ	False	False	256677.0	16.0	128346.5
STIEEQAKNFLDKLNHEAEDLEYQSSLASWNYNTNITEENVQNMQNAKDKASAFLKEQSTLAQMYPLQEIQNLTVKKQLQALQ	3.2185511589050293	10.857514381408691	STIEEQAKDFLDKLNHEAEDLEYQSSLASWNYNTNITEENVQNMKNAGDKRSAFLKEQSTLAQMYPLQEIQNLTVKKQLQALQ	template2.pdb	A	19	STIEEQAKTFLDKFNHEAEDLFYQSSLASWNYNTNITEENVQNMNNAGDKWSAFLKEQSTLAQMYPLQEIQNLTVKLQLQALQ	False	False	256469.0	18.0	128243.5
STIEEQAKDFLDKLNHEAEDLAYQSSLASWNYNTNITEENVQNMNNAGDKRSAFLKEQSTLAQMYPLQEIQNLTVKKQLQALQ	1.0097209215164185	10.841058731079102	STIEEQAKDFLDKLNHEAEDLEYQSSLASWNYNTNITEENVQNMKNAGDKRSAFLKEQSTLAQMYPLQEIQNLTVKKQLQALQ	template2.pdb	A	19	STIEEQAKTFLDKFNHEAEDLFYQSSLASWNYNTNITEENVQNMNNAGDKWSAFLKEQSTLAQMYPLQEIQNLTVKLQLQALQ	False	False	243889.0	19.0	121954.0
STIEEQAKNFLDKLNHEAEDLEYQSSLASWNYNTNITEENVQNMKNAGDKKSAFLKEQSTLAQMYPLQEIQNLTVKRQLQALQ	3.392095804214477	10.807950973510742	STIEEQAKDFLDKLNHEAEDLEYQSSLASWNYNTNITEENVQNMKNAGDKRSAFLKEQSTLAQMYPLQEIQNLTVKKQLQALQ	template2.pdb	A	19	STIEEQAKTFLDKFNHEAEDLFYQSSLASWNYNTNITEENVQNMNNAGDKWSAFLKEQSTLAQMYPLQEIQNLTVKLQLQALQ	False	False	256805.0	20.0	128412.5
SDIEEQAKTFTDKFNHEAEDVFYQSSIASWNGNTNITEENVQNMNNAGDKWSAFLKEQMTLAQMYPPQEIQNLTVKLQLQALQ	0.4804563522338867	10.782421112060549	SDIEEQAKTFTDKFNHEAEDLFYQSSVASWNGNTNITEENVQNMNNAGDKWSAFLKEQMTLAQMYPLQEIQNLTVKLQLQALQ	template2.pdb	A	19	STIEEQAKTFLDKFNHEAEDLFYQSSLASWNYNTNITEENVQNMNNAGDKWSAFLKEQSTLAQMYPLQEIQNLTVKLQLQALQ	False	False	235776.0	21.0	117898.5
SDIEEQAKTFLDKFNHEAEDLMTQASLASWNYNTNITEENVQNMNNAGDKWSAVLKEQSTLAQMYPLQEIQNLTVKLQLQALQ	2.9416699409484863	10.767570495605469	SDIEEQAKIFLDKFNHEAEDLRTQSSLASWNYNTNITEENVQNMNNAGDKWSAVLKEQSTLAQMYPLQEIQNLTVKLQLQALQ	template2.pdb	A	19	STIEEQAKTFLDKFNHEAEDLFYQSSLASWNYNTNITEENVQNMNNAGDKWSAFLKEQSTLAQMYPLQEIQNLTVKLQLQALQ	False	False	255915.0	22.0	127968.5
STIEEQAKTFEDKFNHEAEDFAYQSSIASWNYNTNITEENVQNMNNAGDKWSAFLKEQSTLAQMYPLQEIQNFTVKLQLQALQ	2.271996021270752	10.754672050476074	STIEEQAKTFEDKFNHEAEDLFYQSSLASWNYNTNITEENVQNMNNAGDKWSAFLKEQSTLAQMYPLQEIQNYTVKLQLQALQ	template2.pdb	A	19	STIEEQAKTFLDKFNHEAEDLFYQSSLASWNYNTNITEENVQNMNNAGDKWSAFLKEQSTLAQMYPLQEIQNLTVKLQLQALQ	False	False	253870.0	25.0	126947.5
STIEEQAKTFLDKLNHEAEDLAYQSSLASWNYNTNITEENVQNMNEAADKKSAFLKEQSTLAQMYPLQEIQNLTVKLQLQALQ	1.214198112487793	10.720580101013184	STIEEQAKTFLDKLNHEAEDLFYQSSLASWNYNTNITEENVQNMNEAGDKKSAFLKEQSTLAQMYPLQEIQNLTVKLQLQALQ	template2.pdb	A	19	STIEEQAKTFLDKFNHEAEDLFYQSSLASWNYNTNITEENVQNMNNAGDKWSAFLKEQSTLAQMYPLQEIQNLTVKLQLQALQ	False	False	246413.0	27.0	123220.0
STIEEQAKTFSDKFNHEAEDIFYQSSLASWNYNTNITEENVQNMNNAGDIWSAFAKEQSTLAQMYPLQEIQNLTVKDQLQALQ	4.681192398071289	10.711477279663086	STIEEQAKTFLDKFNHEAEDLFYQSSLASWNYNTNITEENVQNMNNAGDIWSAFAKEQSTLAQMYPLQEIQNLTVKDQLQALQ	template2.pdb	A	19	STIEEQAKTFLDKFNHEAEDLFYQSSLASWNYNTNITEENVQNMNNAGDKWSAFLKEQSTLAQMYPLQEIQNLTVKLQLQALQ	False	False	258400.0	28.0	129214.0
STIEEQAKDFLDKLNEEAEDLLYQSSLASWNYNTNITEENVQNMKNAGDKRSAFLKEQSTLAQMYPLQEIQNLTVKKQLQALQ	1.7043774127960205	10.672605514526367	STIEEQAKDFLDKLNHEAEDLEYQSSLASWNYNTNITEENVQNMKNAGDKRSAFLKEQSTLAQMYPLQEIQNLTVKKQLQALQ	template2.pdb	A	19	STIEEQAKTFLDKFNHEAEDLFYQSSLASWNYNTNITEENVQNMNNAGDKWSAFLKEQSTLAQMYPLQEIQNLTVKLQLQALQ	False	False	250770.0	31.0	125400.5
STIEEQAKTFEDKFNHEAEDMAYQSSAASWNYNTNITEENVQNMNNAGDKWSAFLKEQSTLAQMYPPQEIQNLTVKLQLQALQ	2.9622561931610107	10.656025886535645	STIEEQAKTFEDKFNHAAEDLFYQSSAASWNYNTNITEENVQNMNNAGDKWSAFLKEQSTLAQMYPPQEIQNLTVKLQLQALQ	template2.pdb	A	19	STIEEQAKTFLDKFNHEAEDLFYQSSLASWNYNTNITEENVQNMNNAGDKWSAFLKEQSTLAQMYPLQEIQNLTVKLQLQALQ	False	False	255955.0	32.0	127993.5
STIEEQAKTFLDKFNHEAEDMFYQSSEASWNYNTNITEENVQNMNNAGDKWSAFLKENSTAAQMYPLQEIQNNTVKLQLQALQ	2.23289155960083	10.643340110778809	SPIEEQAKTFLDKFNHEAEDLFYQSSEASWNYNTNITEENVQNMNNAGDKWSAFLKESSTLAQMYPLQEIQNNTVKLQLQALQ	template2.pdb	A	19	STIEEQAKTFLDKFNHEAEDLFYQSSLASWNYNTNITEENVQNMNNAGDKWSAFLKEQSTLAQMYPLQEIQNLTVKLQLQALQ	False	False	253709.0	33.0	126871.0
STIEEQAKDFLDKLNHEAEDLEYQSSLASWNYNTNITEENVQNMNNAGDKRSAFLKEQSTLAQMYPLQEIQNLTVKRQLQALQ	1.8625506162643437	10.615459442138672	STIEEQAKDFLDKLNHEAEDLEYQSSLASWNYNTNITEENVQNMKNAGDKRSAFLKEQSTLAQMYPLQEIQNLTVKKQLQALQ	template2.pdb	A	19	STIEEQAKTFLDKFNHEAEDLFYQSSLASWNYNTNITEENVQNMNNAGDKWSAFLKEQSTLAQMYPLQEIQNLTVKLQLQALQ	False	False	251796.0	34.0	125915.0
SEIEEAAKNLLDKMNHEAEDLFYQSSLASWNYNTNITEENVQNMNNAGDKMSAFLKEQSTLAQMYPLQEIQNLTVKLQLQALQ	1.1141248941421509	10.61194133758545	SEIEEQAKTFLDKLNHEAEDLFYQSSLASWNYNTNITEENVQNMNNAGDKMSAFLKEQSTLAQMYPLQEIHNLTVKLQLQALQ	template2.pdb	A	19	STIEEQAKTFLDKFNHEAEDLFYQSSLASWNYNTNITEENVQNMNNAGDKWSAFLKEQSTLAQMYPLQEIQNLTVKLQLQALQ	False	False	245236.0	35.0	122635.5
STIEEQAKTFLDKFNHEAEDFFYQASLASWNYNTNITEENVQNMNNAGDKWDAFMKEQSTIAQMYPLQEIQNPTVKGQLQALQ	0.6406382918357849	10.611002922058104	STIEEQAKTFLDKFNHEAEDFFYQASLASWNYNTNITEENVQNMNNAGDKWDAFIKEQSTLGQMYPLQEIQNPTVKDQLQALQ	template2.pdb	A	19	STIEEQAKTFLDKFNHEAEDLFYQSSLASWNYNTNITEENVQNMNNAGDKWSAFLKEQSTLAQMYPLQEIQNLTVKLQLQALQ	False	False	238565.0	36.0	119300.5
STIEEQAKTFLDKMNHEAEDIAYQSSLASWNYNTNITEENVQDMNNAGDKWSAFLKEQSTLAQMIPLIEIQNLTVKLQLQALQ	0.9152728319168092	10.606871604919434	STIEEQAKTFLDKMNHEAEDAFYQSSLASWNYNTNITEENVQDMNNAGDKWSAFLKEQSTLAQMIPLIEIQNLTVKLQLQALQ	template2.pdb	A	19	STIEEQAKTFLDKFNHEAEDLFYQSSLASWNYNTNITEENVQNMNNAGDKWSAFLKEQSTLAQMYPLQEIQNLTVKLQLQALQ	False	False	242703.0	37.0	121370.0
STIEEQAKTFEDKFNHEAEDAFYQSSLASWNYNTNITEENVQNMNNAGDKWSAFMKEQSTLAQMYPLQEIQNLTVKLQLQALQ	2.8096747398376465	10.588459014892578	STIEEQAKTFEDKFNHEAEDLFYQSSLASWNYNTNITEENVQNMNNAGDKWSAFMKEQSTLAQMYPLQEIQNLTVKLQLQALQ	template2.pdb	A	19	STIEEQAKTFLDKFNHEAEDLFYQSSLASWNYNTNITEENVQNMNNAGDKWSAFLKEQSTLAQMYPLQEIQNLTVKLQLQALQ	False	False	255588.0	38.0	127813.0
STIEEQAKNFLDKLNHEAEDLEYQSSLASWNYNTNITEENVQNMKNAGDKRSAFLKEQSTLAQMYPLQEIQNLTVKKQLQALQ	2.9364349842071533	10.57728672027588	STIEEQAKDFLDKLNHEAEDLEYQSSLASWNYNTNITEENVQNMKNAGDKRSAFLKEQSTLAQMYPLQEIQNLTVKKQLQALQ	template2.pdb	A	19	STIEEQAKTFLDKFNHEAEDLFYQSSLASWNYNTNITEENVQNMNNAGDKWSAFLKEQSTLAQMYPLQEIQNLTVKLQLQALQ	False	False	255895.0	39.0	127967.0
STIEEQAKDFLDKLNHEAEDLAYQSSLKSWNYNTNITEENVQNMNNAGDKRSAFLKEQSTLAQMYPLQEIQNLTVKKQLQALQ	1.117847204208374	10.571874618530272	STIEEQAKDFLDKLNHEAEDLEYQSSLASWNYNTNITEENVQNMKNAGDKRSAFLKEQSTLAQMYPLQEIQNLTVKKQLQALQ	template2.pdb	A	19	STIEEQAKTFLDKFNHEAEDLFYQSSLASWNYNTNITEENVQNMNNAGDKWSAFLKEQSTLAQMYPLQEIQNLTVKLQLQALQ	False	False	245288.0	40.0	122664.0
STIEEQANTLLDKFNHEAEDLVYQSSLASWNYNTNITEENVQNMNNADDIWSAFLKEQSTLANMIPPQEIQNLTVKLQLQALQ	1.5954303741455078	10.57089900970459	STIEEQANTFLDKFNHEAEDLVYQSSLASWNYNTNITEENVQNMNNADDKWSAFLKEQSILAQMTPPQEIQNLTVKLQLQALQ	template2.pdb	A	19	STIEEQAKTFLDKFNHEAEDLFYQSSLASWNYNTNITEENVQNMNNAGDKWSAFLKEQSTLAQMYPLQEIQNLTVKLQLQALQ	False	False	249951.0	42.0	124996.5
STIEEQAKNFLDKLNLEAEDLEYQSSLASWNYNTNITEENVQNMKNAGDKRSAFLKEQSTLAQMYPLQEIQNLTVKKQLQALQ	2.6266884803771973	10.562697410583496	STIEEQAKDFLDKLNHEAEDLEYQSSLASWNYNTNITEENVQNMKNAGDKRSAFLKEQSTLAQMYPLQEIQNLTVKKQLQALQ	template2.pdb	A	19	STIEEQAKTFLDKFNHEAEDLFYQSSLASWNYNTNITEENVQNMNNAGDKWSAFLKEQSTLAQMYPLQEIQNLTVKLQLQALQ	False	False	255085.0	43.0	127564.0
STIEEQAKTFLDKFNHEAEDAFYQSSVASWNYNTNITEENVQNMNNAGDKWSAFMKERSTLAQMVPLQEIQNLVVKLQLQALQ	1.4331454038619995	10.534443855285645	STIEEQAKTFLDKFNHEAEDAFYQSSVASWNYNTNITEENVQNMNNAGDKWSAFRKEMSTLAQMVPLQEIQNLTVKLQLQALQ	template2.pdb	A	19	STIEEQAKTFLDKFNHEAEDLFYQSSLASWNYNTNITEENVQNMNNAGDKWSAFLKEQSTLAQMYPLQEIQNLTVKLQLQALQ	False	False	248589.0	46.0	124317.5
STIEEQAKTFLDKFNHEAEDFFYQASLASWNYNTNITEENVQNMNNAGDKWDAFIKEQSTFAQMYPLQEIQNGTVKEQLQALQ	0.9220131635665894	10.524617195129396	STIEEQAKTFLDKFNHEAEDFFYQASLASWNYNTNITEENVQNMNNAGDKWDAFIKEQSTLGQMYPLQEIQNPTVKDQLQALQ	template2.pdb	A	19	STIEEQAKTFLDKFNHEAEDLFYQSSLASWNYNTNITEENVQNMNNAGDKWSAFLKEQSTLAQMYPLQEIQNLTVKLQLQALQ	False	False	242796.0	48.0	121422.0
STIEEQAKTMLDKFNHEAEDLFYQSSLASWNYNTNITEENVQNMNNAGDKWSFFIKEQSTAAQFYPEQEIQNLTVKLQLQALQ	1.850726127624512	10.51542854309082	STIEEQAKTMLDKFNHEAEDLFYQSSLASWNYNTNITEENVQNMNNAGDKWSKFFKEQSTEAQDYPLQEIQNLTVKLQLQALQ	template2.pdb	A	19	STIEEQAKTFLDKFNHEAEDLFYQSSLASWNYNTNITEENVQNMNNAGDKWSAFLKEQSTLAQMYPLQEIQNLTVKLQLQALQ	False	False	251733.0	49.0	125891.0
STIEEQANIFADKFNHEAEDMFYQSSLASWNYNTNITEENVQNMNNAGDKWSAFMKENSTLAQMKPLQEIQNLTVKLQLQAMQ	2.78381085395813	10.51267910003662	STIEEQAITFLDKFNHEAEDLFYQSSLASWNYNTNITEENVQNMNNAGDKWSAFMKENSTLAQMMPLQEIQNLTVKLQLQAMQ	template2.pdb	A	19	STIEEQAKTFLDKFNHEAEDLFYQSSLASWNYNTNITEENVQNMNNAGDKWSAFLKEQSTLAQMYPLQEIQNLTVKLQLQALQ	False	False	255516.0	50.0	127783.0
STIEEQAKTFLDKFNHEAEDAFYQSVLASWNYNTNITEENVQNMNNAGDKWSAFNKERATLAQMMPVQEIQNLTVKLQLQALQ	4.569275379180908	10.510417938232422	STIEEQAKTFLDKFNHEAEDAFYQSSVASWNYNTNITEENVQNMNNAGDKWSAFRKEMSTLAQMVPLQEIQNLTVKLQLQALQ	template2.pdb	A	19	STIEEQAKTFLDKFNHEAEDLFYQSSLASWNYNTNITEENVQNMNNAGDKWSAFLKEQSTLAQMYPLQEIQNLTVKLQLQALQ	False	False	258292.0	51.0	129171.5
STIEEQAKDFLDKLNHEAEDLEYQSSLASWNYNTNITEENVQNMKNAGDKMSAFLKEQSTLAQMYPLQEIQNLTVKKQLQALQ	1.189741611480713	10.505579948425291	STIEEQAKDFLDKLNHEAEDLEYQSSLASWNYNTNITEENVQNMKNAGDKRSAFLKEQSTLAQMYPLQEIQNLTVKKQLQALQ	template2.pdb	A	19	STIEEQAKTFLDKFNHEAEDLFYQSSLASWNYNTNITEENVQNMNNAGDKWSAFLKEQSTLAQMYPLQEIQNLTVKLQLQALQ	False	False	246137.0	54.0	123095.5
STIEEQAKDFLDKLNHEAEDLEYQSSLASWNYNTNITEENVQNMNNAKDKANAFLKEQSTLAQMYPLQEIQNLTVKKQLQALQ	2.170285224914551	10.488862991333008	STIEEQAKDFLDKLNHEAEDLEYQSSLASWNYNTNITEENVQNMKNAGDKRSAFLKEQSTLAQMYPLQEIQNLTVKKQLQALQ	template2.pdb	A	19	STIEEQAKTFLDKFNHEAEDLFYQSSLASWNYNTNITEENVQNMNNAGDKWSAFLKEQSTLAQMYPLQEIQNLTVKLQLQALQ	False	False	253445.0	57.0	126751.0
STIEEQAKTFLDKFNHEAEDAFYFSSLAAWNYNTNITEENVQNMNNAGDKWSAFLKEQSTNAQMYPLQEIQNLFVKAQLQAKQ	4.960580825805664	10.486886978149414	STIEEQAKTFLDKFNHEAEDLFYASSLAMWNYNTNITEENVQNMNNAGDKWSAFLKEQSTNAQMYPLQEIQNLFVKLQLQAKQ	template2.pdb	A	19	STIEEQAKTFLDKFNHEAEDLFYQSSLASWNYNTNITEENVQNMNNAGDKWSAFLKEQSTLAQMYPLQEIQNLTVKLQLQALQ	False	False	258607.0	58.0	129332.5
STIEEQAKTFLDKFNHEAEDFFYQSSLASWNYNTNITEENVQNMNNAGDKWSAFLKEQSTMAQMYPGQEIQNDTVKLQLQALQ	1.6251426935195925	10.478350639343262	STIEEQAKTFLDKFNHEAEDLFYQSSLASWNYNTNITEENVQNMNNAGDKWSAFLKEQSTMAQMYPGQEIQNDTVKLQLQALQ	template2.pdb	A	19	STIEEQAKTFLDKFNHEAEDLFYQSSLASWNYNTNITEENVQNMNNAGDKWSAFLKEQSTLAQMYPLQEIQNLTVKLQLQALQ	False	False	250197.0	59.0	125128.0
STIEEQAKTFIDKFNHEAEDFFYQSSLASWNYNTNITEENVQNMNNAGDKWSAFLKEQSTIAQMYPEQEIQNLTVKLQLQALQ	-0.2447079420089721	10.476032257080078	STIEEQAKTFIDKFNHEAEDLFYQSSLASWNYNTNITEENVQNMNNAGDKWSAFLKEQSTFAQMYPEKEIQNLTVKLQLQALQ	template2.pdb	A	19	STIEEQAKTFLDKFNHEAEDLFYQSSLASWNYNTNITEENVQNMNNAGDKWSAFLKEQSTLAQMYPLQEIQNLTVKLQLQALQ	False	False	218815.0	60.0	109437.5
STIEEQAKTFLDKLNHEAEDLFYQSSLASWNYNTNITEENVQNMNEAGDKLSAFLKEQSTLAQMMPLQEIQNLTVKLQLQALQ	0.8075206279754639	10.472650527954102	STIEEQAKTFLDKLNHEAEDLFYQSSLASWNYNTNITEENVQNMNEAGDKKSAFLKEQSTLAQMYPLQEIQNLTVKLQLQALQ	template2.pdb	A	19	STIEEQAKTFLDKFNHEAEDLFYQSSLASWNYNTNITEENVQNMNNAGDKWSAFLKEQSTLAQMYPLQEIQNLTVKLQLQALQ	False	False	241230.0	61.0	120645.5
STIEEQAKTFLDKFNHEAEDLFYQSSVASWNYNTNITEENVQNMNNAGDKWSAFLKEQSTLAQMYPVQEIQNETVKLQLQALQ	1.1354224681854248	10.464016914367676	STIEEQAKTFLDKFNHEAEDLFYQSSVASWNYNTNITEENVQNMNNAGDKWSAFLKEQSTLAQMYPLQEIQNETVKLQLQALQ	template2.pdb	A	19	STIEEQAKTFLDKFNHEAEDLFYQSSLASWNYNTNITEENVQNMNNAGDKWSAFLKEQSTLAQMYPLQEIQNLTVKLQLQALQ	False	False	245493.0	62.0	122777.5
STIEEQAKTFLDKFNHEAEDIFYQSSNASWNYNTNITEENVQNMNNYGDKWSAFLKEQSTAAQMYPLQEIQNDTVKLQLQALQ	0.983331561088562	10.447246551513672	STIEEQAKTFLDKFNHEAEDLFYQSSNASWNYNTNITEENVQNMNYNGDKWSAFLKEQSTAAQMYPLQEIQNDTVKLQLQALQ	template2.pdb	A	19	STIEEQAKTFLDKFNHEAEDLFYQSSLASWNYNTNITEENVQNMNNAGDKWSAFLKEQSTLAQMYPLQEIQNLTVKLQLQALQ	False	False	243566.0	63.0	121814.5
STIEEQAKTFLDKFNHEAEDFFYQASLASWNYNTNITEENVQNMNNAGDKWDAFIKEQSTLAQMYPLQEIQNPTVKGQLQALQ	1.448815941810608	10.44130802154541	STIEEQAKTFLDKFNHEAEDFFYQASLASWNYNTNITEENVQNMNNAGDKWDAFIKEQSTLGQMYPLQEIQNPTVKDQLQALQ	template2.pdb	A	19	STIEEQAKTFLDKFNHEAEDLFYQSSLASWNYNTNITEENVQNMNNAGDKWSAFLKEQSTLAQMYPLQEIQNLTVKLQLQALQ	False	False	248737.0	64.0	124400.5
SDIEEQAKSFLDKFNHEAEDIFYQSSLASWNYNTNITEENVQNMNNSGDKWSAFLKEQSTLAQMIPPQEIQNSTVKSQLQALQ	-0.4804274141788482	10.430553436279297	SDIEEQAKTFLDKFNHEAEDLFYQSSLASWNYNTNITEENVQNMNNSGDKWSAFLKEQSTLAQMIPLQEIQNGTVKSQLQALQ	template2.pdb	A	19	STIEEQAKTFLDKFNHEAEDLFYQSSLASWNYNTNITEENVQNMNNAGDKWSAFLKEQSTLAQMYPLQEIQNLTVKLQLQALQ	False	False	211681.0	65.0	105873.0
STIEEQAKTFLDAFNHEAEDIAYQSSLASWNYNTNITEENVQNMNNAGDKWSAFLKEQSTLAQMYPLQEIQNITVKEQLQALQ	1.2648285627365112	10.42739486694336	STIEEQAKTFLDAFNHEAEDLFYQSSLASWNYNTNITEENVQNMNNAGDKWSAFLKEQSTLAQMYPLQEIQNITVKEQLQALQ	template2.pdb	A	19	STIEEQAKTFLDKFNHEAEDLFYQSSLASWNYNTNITEENVQNMNNAGDKWSAFLKEQSTLAQMYPLQEIQNLTVKLQLQALQ	False	False	246931.0	66.0	123498.5
STIEEQAKTFLDKFNHEAEDFFYQSSIASWNYNTNITEENVQNMNNAGDKWSAFLKEQSTLAQMYPEQEIQNFTVKLQLQALA	-0.5613245964050293	10.424334526062012	STIEEQAKTFLDKFNHEAEDLFYQFSLASWNYNTNITEENVQNMNNAGDKWSAFLKEQSTLAQMYPEQEIQNPTVKLQLQALQ	template2.pdb	A	19	STIEEQAKTFLDKFNHEAEDLFYQSSLASWNYNTNITEENVQNMNNAGDKWSAFLKEQSTLAQMYPLQEIQNLTVKLQLQALQ	False	False	209077.0	67.0	104572.0
ETIEEQAKTFLDKFNHDAEDLFYQSSVASWNYNTNITEENVQNMNNAGDKWSAFLKEQSTKAQMYPAQEIQNSTVKLQLQALQ	4.566300868988037	10.423003196716309	ETIEEQAKTFLDKFNHDAEDLFYQSSLASWNYNTNITEENVQNMNNAGDKWSAFLKEQSTKAQMYPLQEIQNSTVKLQLQALQ	template2.pdb	A	19	STIEEQAKTFLDKFNHEAEDLFYQSSLASWNYNTNITEENVQNMNNAGDKWSAFLKEQSTLAQMYPLQEIQNLTVKLQLQALQ	False	False	258290.0	68.0	129179.0
STIEEQAKTFLDKFNHEAEDFVYQSSLASWNYNTNITEENVQNMNNAGDKWVAFDKEQSTLAQMYPLQEIQNRTVKMQLQALQ	1.6286437511444092	10.421791076660156	STIEEQAKTFLDKFNHEAEDLFYQSSLASWNYNTNITEENVQNMNNAGDKWVAFDKEQSTLAQMYPLQEIQNHTVKRQLQALQ	template2.pdb	A	19	STIEEQAKTFLDKFNHEAEDLFYQSSLASWNYNTNITEENVQNMNNAGDKWSAFLKEQSTLAQMYPLQEIQNLTVKLQLQALQ	False	False	250222.0	69.0	125145.5
STIEEQAYTFLDKFNHEAEDFVYQSSEASWNYNTNITEENVQNMNNAGDKWSAFVKEQSTLAQMYPLQEIQNWTVKLQLQALQ	1.0509274005889893	10.42026138305664	STIEEQAYTFLDKFNHEAEDLFYQSSYASWNYNTNITEENVQNMNNAGDKWSAFVKEQSTLAQMYPLQEIQNWTVKLQLQALQ	template2.pdb	A	19	STIEEQAKTFLDKFNHEAEDLFYQSSLASWNYNTNITEENVQNMNNAGDKWSAFLKEQSTLAQMYPLQEIQNLTVKLQLQALQ	False	False	244445.0	70.0	122257.5
STIEELAKINLDKLNHEAEDLFYISSLASWNYNTNITEENVQNMNNAGDKNSAFLKEQSTLAQMYPLQEIQNLTVKLQLQALQ	4.301783561706543	10.41843032836914	STIEELAKTFLDKLNHEAEDLFYISSLASWNYNTNITEENVQNMNNAGDKNSAFLKEQSTLAQMYPLQEIQNLTVKLQLQALQ	template2.pdb	A	19	STIEEQAKTFLDKFNHEAEDLFYQSSLASWNYNTNITEENVQNMNNAGDKWSAFLKEQSTLAQMYPLQEIQNLTVKLQLQALQ	False	False	258039.0	72.0	129055.5
STIEEQAKTFLDKFNHEAEDLIYASSLASMNYNTNITEENVQNMNNATDKWSALLSEQSTLAQMYPLQEIQNMTVKLQLQALQ	2.139378786087036	10.416590690612791	STIEEQAKTFLDKFNHEAEDLIYASSLASMNYNTNITEENVQNMNNATDKWSALLSEQSTLAQMYPLQEIQNLTVKLQLQALQ	template2.pdb	A	19	STIEEQAKTFLDKFNHEAEDLFYQSSLASWNYNTNITEENVQNMNNAGDKWSAFLKEQSTLAQMYPLQEIQNLTVKLQLQALQ	False	False	253295.0	73.0	126684.0
STIEEQAKTFLDKFNHEAEDFFYQSSLASWNYNTNITEENVQAMNNAGDKWSIFEKEQSTMAQMYPLQEIQNDTVKLQLQALQ	0.4654250741004944	10.413999557495115	STIEEQAKTFLDKFNHEAEDLFYQSSLASWNYNTNITEENVQSMNNAGDKWSIFEKEQSTLAQMYPLQEIQNDTVKLQLQALQ	template2.pdb	A	19	STIEEQAKTFLDKFNHEAEDLFYQSSLASWNYNTNITEENVQNMNNAGDKWSAFLKEQSTLAQMYPLQEIQNLTVKLQLQALQ	False	False	235479.0	74.0	117776.5
STIEEQAKTFLDKFNHEAEDFFYQSSLASWNYNTNITEENVQNMNNAFDKWSAFLKEQSTMAQMYPLQEIQNQTVKLQLQADQ	1.616286039352417	10.41083526611328	STIEEQAKTFLDKFNHEAEDFFYQSSLASWNYNTNITEENVQNMNNAFDKWSAFLKEQSTLAQMYPLQEIQNRTVKLQLQADQ	template2.pdb	A	19	STIEEQAKTFLDKFNHEAEDLFYQSSLASWNYNTNITEENVQNMNNAGDKWSAFLKEQSTLAQMYPLQEIQNLTVKLQLQALQ	False	False	250127.0	75.0	125101.0
STIEEQAKTFLDKFNHEAEDVFYQSSLASWNYNTNITEENVQNMNNAGDKWVAFDKEQSTLAQMYPLQEIQNRTVKIQLQALQ	1.6934140920639038	10.408364295959473	STIEEQAKTFLDKFNHEAEDLFYQSSLASWNYNTNITEENVQNMNNAGDKWVAFDKEQSTLAQMYPLQEIQNHTVKRQLQALQ	template2.pdb	A	19	STIEEQAKTFLDKFNHEAEDLFYQSSLASWNYNTNITEENVQNMNNAGDKWSAFLKEQSTLAQMYPLQEIQNLTVKLQLQALQ	False	False	250697.0	77.0	125387.0
STIEEQAKTFLDKFNHEAEDAFYQSSLASWNYNTNITEENVQNMNNAGDKWSAFLKEQSTLAQMYPNQEIQNWTVKLQLQAVQ	2.97126841545105	10.407155990600586	STIEEQAKTFLDKFNHEAEDLFYQSSLASWNYNTNITEENVQNMNNAGDKWSAFLKEQSTLAQMYPNQEIQNWTVKLQLQAVQ	template2.pdb	A	19	STIEEQAKTFLDKFNHEAEDLFYQSSLASWNYNTNITEENVQNMNNAGDKWSAFLKEQSTLAQMYPLQEIQNLTVKLQLQALQ	False	False	255975.0	78.0	128026.5
STAEEQAKTFLDKFNHEAEDMFYQSILASWNYNTNITEENVQNMNNAGDKWSAFLKEQSTLAQMYPLQEIQNEQVKLQVQAIQ	3.4091689586639404	10.406993865966797	STAEEQAKTFLDKFNHEAEDLFYQSMLASWNYNTNITEENVQNMNNAGDKWSAFLKEQSTLAQMYPLQEIQNEQVKLQVQAIQ	template2.pdb	A	19	STIEEQAKTFLDKFNHEAEDLFYQSSLASWNYNTNITEENVQNMNNAGDKWSAFLKEQSTLAQMYPLQEIQNLTVKLQLQALQ	False	False	256840.0	79.0	128459.5
STIEEQAKTFLDKFNHEAEDEFYQSSVASWNYNTNITEENVQNMNNAGDKWSAFFKEQRTIAQMYPLQEIQNLTVKLQLQSLQ	2.484323263168335	10.406371116638184	STIEEQAKTFLDKFNHEAEDEFYQSTLASWNYNTNITEENVQNMNNAGDKWSAFFKEQRTLAQMYPLQEIQNLTVKLQLQSLQ	template2.pdb	A	19	STIEEQAKTFLDKFNHEAEDLFYQSSLASWNYNTNITEENVQNMNNAGDKWSAFLKEQSTLAQMYPLQEIQNLTVKLQLQALQ	False	False	254652.0	80.0	127366.0
STIEEQAKTFIDKFNHEAEDIFYQSSLASWNYNTNITEENVQNMNNAGDKWSAFLKEQSTIAQMYPEQEIQNLTVKLQLQALQ	-0.5632776618003845	10.404963493347168	STIEEQAKTFIDKFNHEAEDLFYQSSLASWNYNTNITEENVQNMNNAGDKWSAFLKEQSTFAQMYPEKEIQNLTVKLQLQALQ	template2.pdb	A	19	STIEEQAKTFLDKFNHEAEDLFYQSSLASWNYNTNITEENVQNMNNAGDKWSAFLKEQSTLAQMYPLQEIQNLTVKLQLQALQ	False	False	209001.0	81.0	104541.0
STIEEQAKTFLDKFNHEAEDIFYQSSLASWNYNTNITEENVQNMNNAGDKWSAFLKEQSTMAQMYPGQEIQNETVKLQLQALQ	0.3361027836799621	10.39461612701416	STIEEQAKTFLDKFNHEAEDLFYQSSLASWNYNTNITEENVQNMNNAGDKWSAFLKEQSTMAQMYPGQEIQNDTVKLQLQALQ	template2.pdb	A	19	STIEEQAKTFLDKFNHEAEDLFYQSSLASWNYNTNITEENVQNMNNAGDKWSAFLKEQSTLAQMYPLQEIQNLTVKLQLQALQ	False	False	233038.0	83.0	116560.5
STIEEQAKTFLDKFNHEAEDFFYQASLASWNYNTNITEENVQNMNNAGDKWDAFIKEQSTLVQMYPLQEIQNPTVKDQLQALQ	1.5966932773590088	10.393861770629885	STIEEQAKTFLDKFNHEAEDFFYQASLASWNYNTNITEENVQNMNNAGDKWDAFIKEQSTLGQMYPLQEIQNPTVKDQLQALQ	template2.pdb	A	19	STIEEQAKTFLDKFNHEAEDLFYQSSLASWNYNTNITEENVQNMNNAGDKWSAFLKEQSTLAQMYPLQEIQNLTVKLQLQALQ	False	False	249971.0	84.0	125027.5
STIEEQAKTFLDKFNHEAEDMFYQSSLASWNYNTNITEENVQNMNNAGDKWMAFLKEESTAAQMYPVQEIQNVTVKLQLQALQ	1.3885244131088257	10.391345024108888	STIEEQAKTFLDKFNHEAEDLFYQSSLASWNYNTNITEENVQNMNNAGDQWMAFLKEESTAAQMYPLQEIQNVTVKLQLQALQ	template2.pdb	A	19	STIEEQAKTFLDKFNHEAEDLFYQSSLASWNYNTNITEENVQNMNNAGDKWSAFLKEQSTLAQMYPLQEIQNLTVKLQLQALQ	False	False	248133.0	85.0	124109.0
STIEEQAKTFLDKFNHEAEDLFYQSSLASWNYNTNITEENVQNMNNAGDKWSAFIKEQSTMAQMYPAQEIQNETVKLQLQALQ	0.377971887588501	10.38868236541748	STIEEQAKTFLDKFNHEAEDLFYQSSLASWNYNTNITEENVQNMNNAGDKWSAFIKEQSTLAQMYPMQEIQNETVKLQLQALQ	template2.pdb	A	19	STIEEQAKTFLDKFNHEAEDLFYQSSLASWNYNTNITEENVQNMNNAGDKWSAFLKEQSTLAQMYPLQEIQNLTVKLQLQALQ	False	False	233881.0	87.0	116984.0
STIEEQAKTFLDKFNHEAEDFFYQSSLASWNYNTNITEENVQNMNNAGDKWSAFLKEQSDLAQMYPLQEIQNLTVKFQLQATQ	3.327537775039673	10.379061698913574	STIEEQAKTFLDKFNHEAEDLFYQSSLASWNYNTNITEENVQNMNNAGDKWSAFLKEQSDLAQMYPLQEIQNLTVKFQLQAKQ	template2.pdb	A	19	STIEEQAKTFLDKFNHEAEDLFYQSSLASWNYNTNITEENVQNMNNAGDKWSAFLKEQSTLAQMYPLQEIQNLTVKLQLQALQ	False	False	256684.0	89.0	128386.5
STIEEQAKTFLDKFNHEAEDFFYQASLASWNYNTNITEENVQNMNNAGDKWDAFIKEQSTLAQMYPLQEIQNPTVKWQLQALQ	-1.0650585889816284	10.376955032348633	STIEEQAKTFLDKFNHEAEDFFYQASLASWNYNTNITEENVQNMNNAGDKWDAFIKEQSTLGQMYPLQEIQNPTVKDQLQALQ	template2.pdb	A	19	STIEEQAKTFLDKFNHEAEDLFYQSSLASWNYNTNITEENVQNMNNAGDKWSAFLKEQSTLAQMYPLQEIQNLTVKLQLQALQ	False	False	191089.0	91.0	95590.0
STIEEQAKTFLDKFNHEAEDLFYQSSLASWNYNTNITEENVQNMNNAGDAWSAFSKEQSSAARMYPSQEIQNPTVKLELQALQ	5.509510517120361	10.376299858093262	STIEEQAKTFLDKFNHEAEDLFYQSSLASWNYNTNITEENVQNMNNAGDAWSAFSSEQSTLAQMYPLQEIQNPTVKLELYALQ	template2.pdb	A	19	STIEEQAKTFLDKFNHEAEDLFYQSSLASWNYNTNITEENVQNMNNAGDKWSAFLKEQSTLAQMYPLQEIQNLTVKLQLQALQ	False	False	258980.0	92.0	129536.0
STIEEQAKTFLDKFNHDAEDMFYQSSLASWNYNTNITEENVQNMNNATDKWSAFLKEQSTIAQKYPLQEIQNQAVKLQEQALQ	2.9349985122680664	10.37535285949707	STIEEQAKTFLDKFNHEAEDLFYQSSLASWNYNTNITEENVQNMNNATDKWSAFLKEQSTIAQRYPLQEIQNQMVKLQDQALK	template2.pdb	A	19	STIEEQAKTFLDKFNHEAEDLFYQSSLASWNYNTNITEENVQNMNNAGDKWSAFLKEQSTLAQMYPLQEIQNLTVKLQLQALQ	False	False	255890.0	93.0	127991.5
STIEEQAKTFLDKFNHEAEDVFYQSSLASWNYNTNITEENVQNMNNAGDKWVAFDKEQSTLAQMYPLQEIQNRTVKFQLQALQ	1.666669487953186	10.37303638458252	STIEEQAKTFLDKFNHEAEDLFYQSSLASWNYNTNITEENVQNMNNAGDKWVAFDKEQSTLAQMYPLQEIQNHTVKRQLQALQ	template2.pdb	A	19	STIEEQAKTFLDKFNHEAEDLFYQSSLASWNYNTNITEENVQNMNNAGDKWSAFLKEQSTLAQMYPLQEIQNLTVKLQLQALQ	False	False	250511.0	94.0	125302.5
STIEEQAKTFLDKFNHEAEDVFYQSSLASWNYNTNITEENVQNMNNAGDKWVAFDKEQSTLAQMYPLQEIQNRTVKYQLQALQ	1.83189070224762	10.369843482971191	STIEEQAKTFLDKFNHEAEDLFYQSSLASWNYNTNITEENVQNMNNAGDKWVAFDKEQSTLAQMYPLQEIQNHTVKRQLQALQ	template2.pdb	A	19	STIEEQAKTFLDKFNHEAEDLFYQSSLASWNYNTNITEENVQNMNNAGDKWSAFLKEQSTLAQMYPLQEIQNLTVKLQLQALQ	False	False	251617.0	95.0	125856.0
STIEEQAKTFLDKFNHEAEDFFYQASLASWNYNTNITEENVQNMNNAGDKWDAFIKEQSTLAQMYPLQEIQNPTVKDQLQALQ	0.7369095683097839	10.368858337402344	STIEEQAKTFLDKFNHEAEDFFYQASLASWNYNTNITEENVQNMNNAGDKWDAFIKEQSTLGQMYPLQEIQNPTVKDQLQALQ	template2.pdb	A	19	STIEEQAKTFLDKFNHEAEDLFYQSSLASWNYNTNITEENVQNMNNAGDKWSAFLKEQSTLAQMYPLQEIQNLTVKLQLQALQ	False	False	240085.0	96.0	120090.5
STIEEQADTFLDKFNHEAEDIFYQSSLASWNYNTNITEENVQNMNNAGDKWAAFYKEQSTLAQMYPLQEIQNRTVKMQLQALQ	-0.7965347766876221	10.35417938232422	STFEEQADTFLDKFYHEAEDLFYQSSLASWNYNTNITEENVQNMNNAGDKWIAFQKEQSTLAQMYPLQEIQNRTVKMQLQALQ	template2.pdb	A	19	STIEEQAKTFLDKFNHEAEDLFYQSSLASWNYNTNITEENVQNMNNAGDKWSAFLKEQSTLAQMYPLQEIQNLTVKLQLQALQ	False	False	200912.0	97.0	100504.5
STIEEQAKTFLDKFNHEAEDLSYMSSLASWNMNTNITEENVQNMNNAGDKWSAFLKEQSTLAQMMPLEEIQNLTVKLQLQALQ	-1.0210039615631104	10.347562789916992	STIEEQAKTFLDKFNHEAEDLSYRSSLASWNMNTNITEENVQNMNNAGDKWSAFLKEQSTLAQMYPLEEIQNLTVKLQLQALQ	template2.pdb	A	19	STIEEQAKTFLDKFNHEAEDLFYQSSLASWNYNTNITEENVQNMNNAGDKWSAFLKEQSTLAQMYPLQEIQNLTVKLQLQALQ	False	False	192698.0	98.0	96398.0
STIEEQAKTFLDKFNHEAEDFFYQSSLASWNYNTNITEENVQNMNNAGDKWVAFDKEQSTLAQMYPLQEIQNRTVKFQLQALQ	1.279902696609497	10.344935417175291	STIEEQAKTFLDKFNHEAEDLFYQSSLASWNYNTNITEENVQNMNNAGDKWVAFDKEQSTLAQMYPLQEIQNHTVKRQLQALQ	template2.pdb	A	19	STIEEQAKTFLDKFNHEAEDLFYQSSLASWNYNTNITEENVQNMNNAGDKWSAFLKEQSTLAQMYPLQEIQNLTVKLQLQALQ	False	False	247072.0	99.0	123585.5
STIEEQAKTFLDKFNHEAEDLIYASSLASMNYNTNITEENVQNMNNATDKWSALLKEQSTLAQMYPLQEIQNLTVKLQLQALQ	2.443532705307007	10.344892501831056	STIEEQAKTFLDKFNHEAEDLIYASSLASMNYNTNITEENVQNMNNATDKWSALLSEQSTLAQMYPLQEIQNLTVKLQLQALQ	template2.pdb	A	19	STIEEQAKTFLDKFNHEAEDLFYQSSLASWNYNTNITEENVQNMNNAGDKWSAFLKEQSTLAQMYPLQEIQNLTVKLQLQALQ	False	False	254516.0	100.0	127308.0
STIEEQAKTFLDKFNHEAEDAFYQSSLASWNYNTNITEENVQNMNNAGDKWSAFLKEQTTAAQMYPEQEIQNLTVKLQLQALQ	1.9219716787338257	10.34312343597412	STIEEQAKTFLDKFNHEAEDRFYQSSLASWNYNTNITEENVQNMNNAGDKWSAFLKEQSTEAQMYPLQEIQNLTVKLQLQALQ	template2.pdb	A	19	STIEEQAKTFLDKFNHEAEDLFYQSSLASWNYNTNITEENVQNMNNAGDKWSAFLKEQSTLAQMYPLQEIQNLTVKLQLQALQ	False	False	252162.0	101.0	126131.5
STIEEQAKTFLDKFNHEAEDMYYQSSLASWNYNTNITEENVQNMNNAGDKWSDFQKEQSTIAQMYPLQEIQNLTVKLQLQAIQ	1.5835586786270142	10.339802742004396	STIEEQAKTFLDKFNHEAEDLYYQSSLASWNYNTNITEENVQNMNNAGDKWSDFQKEQSTIAQMYPLQEIQNLTVKLQLQAIQ	template2.pdb	A	19	STIEEQAKTFLDKFNHEAEDLFYQSSLASWNYNTNITEENVQNMNNAGDKWSAFLKEQSTLAQMYPLQEIQNLTVKLQLQALQ	False	False	249858.0	102.0	124980.0
STIEEQAKTFLDKFNHEAEDNFYQSSLASWNYNTNITEENVQNMNNAGDKWSAFFKEQSTLAQMYPTQEIQNWTVMLQLQDLQ	2.398531675338745	10.339229583740234	STIEEQAKTFLDKFNHEAEDFNYQSSLASWNYNTNITEENVQNMNNAGDKWSAFLWEQSTLAQMYPTQEIQNWTVWLQLQNLQ	template2.pdb	A	19	STIEEQAKTFLDKFNHEAEDLFYQSSLASWNYNTNITEENVQNMNNAGDKWSAFLKEQSTLAQMYPLQEIQNLTVKLQLQALQ	False	False	254369.0	103.0	127236.0
STIEEQAKTFLDKFNHEAEDFFYQSSLASWNYNTNITEENVQNMNNAGDKWVAFDKEQSTLAQMYPLQEIQNRTVKYQLQALQ	1.4228769540786743	10.3377046585083	STIEEQAKTFLDKFNHEAEDLFYQSSLASWNYNTNITEENVQNMNNAGDKWVAFDKEQSTLAQMYPLQEIQNHTVKRQLQALQ	template2.pdb	A	19	STIEEQAKTFLDKFNHEAEDLFYQSSLASWNYNTNITEENVQNMNNAGDKWSAFLKEQSTLAQMYPLQEIQNLTVKLQLQALQ	False	False	248468.0	104.0	124286.0
STIEEQAKTFLDKFNHEAEDLFYQSSISSWNFNTNITEENVQNMNNAGEKWSAFLKEQSTEAQMYPTQEIQNLTVKLQLQALQ	2.7996883392333984	10.337182998657228	STIEEQAKTFLDKFNHEAEDLFYQSSTFSWNYNTNITEENVQNMNNAGDKWSAFLKEQSTEAQMYPLQEIQNLTVKLQLQALQ	template2.pdb	A	19	STIEEQAKTFLDKFNHEAEDLFYQSSLASWNYNTNITEENVQNMNNAGDKWSAFLKEQSTLAQMYPLQEIQNLTVKLQLQALQ	False	False	255563.0	105.0	127834.0
STIEEQAKTFLDKFNHDAEDFYYQSSAASWNYNTNITEENVQNMNNAGDKWSAFLKEQSTLAQMYPAQEIQNETVKLQLQALQ	3.000479221343994	10.334980964660645	STIEEQAKTFLDKFNHFAEDYFYQSSAASWNYNTNITEENVQNMNNAGDKWSAFLKEQSTLAQMYPLQEIQNETVKLQLQALQ	template2.pdb	A	19	STIEEQAKTFLDKFNHEAEDLFYQSSLASWNYNTNITEENVQNMNNAGDKWSAFLKEQSTLAQMYPLQEIQNLTVKLQLQALQ	False	False	256033.0	106.0	128069.5
STIEEQAKTFLDKFNHEAEDLFYQSSLASWTYNTNITEENVQNMNNAGDKWSAFAKEQSTLAQMYPPQEIQNLPIKFQLQTDQ	2.090019702911377	10.328810691833496	STIEEQAKTFLDKFNHEAEDLFYQSSLASWTYNTNITEENVQNMNNAGDKWSAFAKEQSTLAQMYPLQEIQNLPVKIQLQHQQ	template2.pdb	A	19	STIEEQAKTFLDKFNHEAEDLFYQSSLASWNYNTNITEENVQNMNNAGDKWSAFLKEQSTLAQMYPLQEIQNLTVKLQLQALQ	False	False	253081.0	109.0	126595.0
STIEEQAKTFLDKFNHEAEDMFYQSSLASWNYNTNITEENVQNMNNATDKWSAFLKEQSTIAQMYPLQEIQNQAVKLQDQALQ	2.7244961261749268	10.320385932922363	STIEEQAKTFLDKFNHEAEDLFYQSSLASWNYNTNITEENVQNMNNATDKWSAFLKEQSTIAQRYPLQEIQNQMVKLQDQALK	template2.pdb	A	19	STIEEQAKTFLDKFNHEAEDLFYQSSLASWNYNTNITEENVQNMNNAGDKWSAFLKEQSTLAQMYPLQEIQNLTVKLQLQALQ	False	False	255365.0	110.0	127737.5
STIEEQAKTFLDKFNHEAEDFFYQSSLASWNYNTNITEENVQNMNNAGDKWSAFLKEQSTLAQMYPVQEIQNYTVKWQLQVLQ	0.2805986106395721	10.31715965270996	STIEEQAKTFLDKFNHEAEDLFYQSSLASWNYNTNITEENVQNMNNAGDKWSAFLKEQSTLAQMYPVQEIQNWTVKHQLQALQ	template2.pdb	A	19	STIEEQAKTFLDKFNHEAEDLFYQSSLASWNYNTNITEENVQNMNNAGDKWSAFLKEQSTLAQMYPLQEIQNLTVKLQLQALQ	False	False	231919.0	111.0	116015.0
STIEEQAKTFLDKFNHEAEDFFYQDSLASWNYNTNITEENVQNMNNAGDKWSAFLKEQSTAAQMYPLQEIQNFTVKEQLQALQ	2.925222158432007	10.316576957702637	STIEEQAKTFLDKFNHEAEDLFYQDSLASWNYNTNITEENVQNMNNAGDKWSAFLKEQSTAAQMYPLQEIQNFTVKQQLQALQ	template2.pdb	A	19	STIEEQAKTFLDKFNHEAEDLFYQSSLASWNYNTNITEENVQNMNNAGDKWSAFLKEQSTLAQMYPLQEIQNLTVKLQLQALQ	False	False	255856.0	112.0	127984.0
STIEEQAKTFLDKFNHEAEDFFYQASLASWNYNTNITEENVQNMNNAGDKWDAFIKEQSTLAQMYPLQEIQNDTVKGQLQALQ	1.4895193576812744	10.315407752990724	STIEEQAKTFLDKFNHEAEDFFYQASLASWNYNTNITEENVQNMNNAGDKWDAFIKEQSTLGQMYPLQEIQNPTVKDQLQALQ	template2.pdb	A	19	STIEEQAKTFLDKFNHEAEDLFYQSSLASWNYNTNITEENVQNMNNAGDKWSAFLKEQSTLAQMYPLQEIQNLTVKLQLQALQ	False	False	249071.0	113.0	124592.0
STIEEQAKTFLDKFNHEAEDFFYQASIASWNYNTNITEENVQNMNNAGDKWDAFIKEQSTLAQMYPPQEIQNGTVKDQLQALQ	1.089369535446167	10.307981491088867	STIEEQAKTFLDKFNHEAEDFFYQASLASWNYNTNITEENVQNMNNAGDKWDAFIKEQSTLGQMYPLQEIQNPTVKDQLQALQ	template2.pdb	A	19	STIEEQAKTFLDKFNHEAEDLFYQSSLASWNYNTNITEENVQNMNNAGDKWSAFLKEQSTLAQMYPLQEIQNLTVKLQLQALQ	False	False	244917.0	115.0	122516.0
STIEEQAKTFINKFNHEAEDMFYQSSLASWNYNTNITEENVQNMNNAGDKWSAFLEEQSTLAQMYPLQEIQNLTVKIQLQAEA	2.545414447784424	10.307098388671877	STIEEQAKTFINKFNHEAEDLFYQSSLASWNYNTNITEENVQNMNNAGDKWSAFLEEQSTLAQMYPLQEIQNLTVKLQLQAEM	template2.pdb	A	19	STIEEQAKTFLDKFNHEAEDLFYQSSLASWNYNTNITEENVQNMNNAGDKWSAFLKEQSTLAQMYPLQEIQNLTVKLQLQALQ	False	False	254858.0	116.0	127487.0
STIEEQAKTFLDKFNHEAEDEFYQSSAASWNYNTNITEENVQNMNNAGDKWSAFLKEQSTLAQMYPLQEIQNMTVKLQLQALQ	2.191532850265503	10.302044868469238	STIEEQAKTFLDKFNHEAEDEFYQSSAASWNYNTNITEENVQNMNNAGDKWSAFLKEQSTLAQMYPLQEIQNHTVKLMLQALQ	template2.pdb	A	19	STIEEQAKTFLDKFNHEAEDLFYQSSLASWNYNTNITEENVQNMNNAGDKWSAFLKEQSTLAQMYPLQEIQNLTVKLQLQALQ	False	False	253526.0	117.0	126821.5
STIEEQAKTFLDKFNHEAEDFFYQSSLASWNYNTNITEENVQNMNNAGDKWVAFDKEQSTLAQMYPLQEIQNRTVKMQLQALQ	0.870070219039917	10.301888465881348	STIEEQAKTFLDKFNHEAEDLFYQSSLASWNYNTNITEENVQNMNNAGDKWVAFDKEQSTLAQMYPLQEIQNHTVKRQLQALQ	template2.pdb	A	19	STIEEQAKTFLDKFNHEAEDLFYQSSLASWNYNTNITEENVQNMNNAGDKWSAFLKEQSTLAQMYPLQEIQNLTVKLQLQALQ	False	False	242066.0	118.0	121092.0
STIEEQAKTFLDKFNHEAEDAFYQSSLASWNYNTNITEENVQNMNNAGDKWSAFQKEQSTLANMYPLQEIQNETVKLQLQALQ	1.8994617462158203	10.301071166992188	STIEEQAKTFLDKFNHEAEDLFYQSSLASWNYNTNITEENVQNMNNAGDKWSAFQKEQSTLAGMYPLQEIQNETVKLQLQALQ	template2.pdb	A	19	STIEEQAKTFLDKFNHEAEDLFYQSSLASWNYNTNITEENVQNMNNAGDKWSAFLKEQSTLAQMYPLQEIQNLTVKLQLQALQ	False	False	252042.0	119.0	126080.5
STFEEQADTFLDKFNHEAEDFFYQSSLASWNYNTNITEENVQNMNNAGDKWIAFQKEQSTLAQMYPLQEIQNQTVKMQLQALQ	1.0507320165634155	10.29524040222168	STFEEQADTFLDKFYHEAEDLFYQSSLASWNYNTNITEENVQNMNNAGDKWIAFQKEQSTLAQMYPLQEIQNRTVKMQLQALQ	template2.pdb	A	19	STIEEQAKTFLDKFNHEAEDLFYQSSLASWNYNTNITEENVQNMNNAGDKWSAFLKEQSTLAQMYPLQEIQNLTVKLQLQALQ	False	False	244442.0	121.0	122281.5
STIEEQAKTFLDKFNHEAEDEFYQSSLASWNYNTNITEENVQNMNNAGDKWSAFLEQQSIAAQMYPLQEIQNLTVKYQLQALQ	2.026226758956909	10.291202545166016	STIEEQAKTFLDKFIHEAEDEFYQSSLASWNYNTNITEENVQNMNNAGDKWSAFLQEQSWLAQMYPLQEIQNLTVKYQLQALQ	template2.pdb	A	19	STIEEQAKTFLDKFNHEAEDLFYQSSLASWNYNTNITEENVQNMNNAGDKWSAFLKEQSTLAQMYPLQEIQNLTVKLQLQALQ	False	False	252761.0	124.0	126442.5
STIEEQAKTFLDKFNHEAEDFAYQSSLASWNYNTNITEENVQNMNVAGDKWSAFLKEQSTEAQMYPAQEIQNLTVKLQLQALQ	2.130676507949829	10.290514945983888	STIEEQAKTFLDKFNHEAEDHFYQSSLASWNYNTNITEENVQNMNVAGDKWSAFLKEQSTEAQMYPLQEIQNLTVKLQLQALQ	template2.pdb	A	19	STIEEQAKTFLDKFNHEAEDLFYQSSLASWNYNTNITEENVQNMNNAGDKWSAFLKEQSTLAQMYPLQEIQNLTVKLQLQALQ	False	False	253259.0	126.0	126692.5
SDIEEQAKIFLDKFNHEAEDLQTQASLKSWNYNTNITEENVQNMNNAGDKWSAVLKEQSTLAQMYPLQEIQNLTVKLQLQALQ	1.1093034744262695	10.289896965026855	SDIEEQAKIFLDKFNHEAEDLRTQSSLASWNYNTNITEENVQNMNNAGDKWSAVLKEQSTLAQMYPLQEIQNLTVKLQLQALQ	template2.pdb	A	19	STIEEQAKTFLDKFNHEAEDLFYQSSLASWNYNTNITEENVQNMNNAGDKWSAFLKEQSTLAQMYPLQEIQNLTVKLQLQALQ	False	False	245183.0	128.0	122655.5
STIEEQAKTFLDKFNHEAEDFFYQSSTASWEYNTNITEENVQNMNNAGDKWSAFYKEQSTLAQMYPLQEIQNLTVKMQLQALQ	1.1831135749816897	10.279446601867676	STIEEQAKTFLDKFNHEAEDLFYQSSTASWEYNTNITEENVQNMNNAGDKWSAFYKEQSTLAQMYPLQEIQNLTVKMQLQALQ	template2.pdb	A	19	STIEEQAKTFLDKFNHEAEDLFYQSSLASWNYNTNITEENVQNMNNAGDKWSAFLKEQSTLAQMYPLQEIQNLTVKLQLQALQ	False	False	246057.0	130.0	123093.5
STIEEQAKTFLDKFNHEAEDFFYQSSLASWNYNTNITEENVQNMNNAGDKWSAFMKEQSTIAQMYPLQEIQNETVKLQLQALQ	-2.2548062801361084	10.277575492858888	STIEEQAKTFLDKFNHEAEDLFYQSSLASWNYNTNITEENVQNMNNAGDKWSAFLKEQSTMAQMYPLQEIQNETVKLQLQALQ	template2.pdb	A	19	STIEEQAKTFLDKFNHEAEDLFYQSSLASWNYNTNITEENVQNMNNAGDKWSAFLKEQSTLAQMYPLQEIQNLTVKLQLQALQ	False	False	147541.0	132.0	73836.5
STIEEQAMTFLDKFNHEAEDAFYQSSLASWNYNTNITEENAQNMNNAGDKWSAFLKEQSTLAQMYPLQEIQNGTVKMQLQALQ	1.429375410079956	10.275649070739746	STIEEQAMTFLDKFNHEAEDAFYQSSLASWNYNTNITEENVQNMNNAGDKWSAFLKEQSTLAQMYPLQEIQNGTVKRQLQALQ	template2.pdb	A	19	STIEEQAKTFLDKFNHEAEDLFYQSSLASWNYNTNITEENVQNMNNAGDKWSAFLKEQSTLAQMYPLQEIQNLTVKLQLQALQ	False	False	248541.0	133.0	124337.0
STIEEQANTFLDKFNHEAEDFFYQSSLASWNYNTNITEENVQNMNNFGDKWSAFLKEQSTWAQMYPLQEIQNFTVKAQLQFLQ	0.5663283467292786	10.272432327270508	STIEEQANTFLDKFNHEAEDLFYQSSLASWNYNTNITEENVQNMNNFGDKWSAFLKEQSTWAQMYPLQEIQNATVKFQLQALQ	template2.pdb	A	19	STIEEQAKTFLDKFNHEAEDLFYQSSLASWNYNTNITEENVQNMNNAGDKWSAFLKEQSTLAQMYPLQEIQNLTVKLQLQALQ	False	False	237331.0	134.0	118732.5
